-- phpMyAdmin SQL Dump
-- version 4.8.5
-- https://www.phpmyadmin.net/
--
-- Host: 127.0.0.1
-- Generation Time: Apr 16, 2020 at 03:03 AM
-- Server version: 10.1.38-MariaDB
-- PHP Version: 7.1.27

SET SQL_MODE = "NO_AUTO_VALUE_ON_ZERO";
SET AUTOCOMMIT = 0;
START TRANSACTION;
SET time_zone = "+00:00";



--
-- Database: `reserve_fitness`
--

-- --------------------------------------------------------

--
-- Table structure for table `member`
--

CREATE TABLE `member` (
  `emp_id` int(6) NOT NULL,
  `name_lastname` varchar(100) NOT NULL,
  `dep_name` varchar(100) NOT NULL,
  `tel` varchar(10) NOT NULL,
  `email` varchar(100) NOT NULL,
  `status` varchar(1) NOT NULL
) ENGINE=InnoDB DEFAULT CHARSET=utf8;

--
-- Dumping data for table `member`
--

INSERT INTO `member` (`emp_id`, `name_lastname`, `dep_name`, `tel`, `email`, `status`) VALUES
(100655, 'BUPHA   SINSONG', 'QUALITY ASSURANCE', ' ', ' ', '0'),
(100716, 'POWWAPORN   HONGSAKUL', 'ACCOUNTING', ' ', ' ', '0'),
(100760, 'KITTIYA   SAWEKWANNAKORN', 'MANAGEMENT Q.A.DIRECTOR', ' ', ' ', '0'),
(100788, 'SOMJAI   JAIKLAR', 'COSTING', ' ', ' ', '0'),
(100793, 'KHWANJAI   SUTHASINEENONT', 'BKK FINANCE', ' ', ' ', '0'),
(100794, 'WORAVAN   NOOTONG', 'BUSINESS DEVELOPMENT', ' ', ' ', '0'),
(100804, 'SOPA   TONGORAPINT', 'PROCUREMENT', ' ', ' ', '0'),
(100807, 'SUPAPHON   WUTTIPRAWATE', 'MANAGEMENT INTER.PROC.DIRECTOR', ' ', ' ', '0'),
(100831, 'NONGNART   CHOTIMAPORN', 'PRODUCTION CONTROL', ' ', ' ', '0'),
(100881, 'WAKUL   TANGWATTANABHUMI', 'PRODUCTION CONTROL', ' ', ' ', '0'),
(100888, 'RUDEE   SUTHANGKAKUL', 'MANAGEMENT INFORMATION SYSTEMS', ' ', ' ', '0'),
(100915, 'MONTIEN   WONG-ARUN', 'STRATEGIC INNOVATIONS', ' ', ' ', '0'),
(100923, 'SAMRAN   NOOMSUAN', 'FRUIT RECEIVING & GINACA', ' ', ' ', '0'),
(100934, 'PRAPAT   KAEWKLOM', 'MANUFACTURING EXCELLENCE', ' ', ' ', '0'),
(100944, 'VIBOON   PITI-UMPAIPONG', 'SHOP SERVICES', ' ', ' ', '0'),
(100961, 'SAMRAN   PU-NGERN', 'SHOP SERVICES', ' ', ' ', '0'),
(100962, 'AROONSANG   JARDJAIDEE', 'PRODUCTION CONTROL', ' ', ' ', '0'),
(101022, 'YANEE   YACHAI', 'PRODUCTION CONTROL', ' ', ' ', '0'),
(101029, 'PAILIN   KONGDEE', 'SHIPPING', ' ', ' ', '0'),
(101031, 'SUMANCHALEE   KETKAEW', 'PROCUREMENT', ' ', ' ', '0'),
(101033, 'SIRIPORN   KAEWMUANGPET', 'WAREHOUSING&TRANSPORTATION DEP', ' ', ' ', '0'),
(101042, 'ATTHAPORN   HARNNARONG', 'PACKAGING OPERATION DEPT.', ' ', ' ', '0'),
(101065, 'TIPAPORN   NGARMNA', 'MANAGEMENT R&D DIRECTOR', ' ', ' ', '0'),
(101082, 'PAYUNGSAK   KLASANTIA', 'MANAGEMENT INFORMATION SYSTEMS', ' ', ' ', '0'),
(101086, 'AMPORN   KAEWKLOM', 'PREPARATION', ' ', ' ', '0'),
(101103, 'PATTANUN   RAKNUYAPONG', 'MANAGEMENT INFORMATION SYSTEMS', ' ', ' ', '0'),
(101166, 'MATUROT   CHANSUPAMONGKOL', 'RESEARCH AND DEVELOPMENT', ' ', ' ', '0'),
(101221, 'PHAITOON   SAMRANYOO', 'MANAGEMENT INFORMATION SYSTEMS', ' ', ' ', '0'),
(101243, 'THITIPONG   LIMAJIRAKORN', 'QUALITY ASSURANCE', ' ', ' ', '0'),
(101253, 'KOSOL   SUWANMANEE', 'ELECTRICAL', ' ', ' ', '0'),
(101257, 'SUTATHIP   KLONGKLEAW', 'PURCHASED FRUITS', ' ', ' ', '0'),
(101260, 'SAOWAPA   WANG-EEN', 'RECRUITMENT', ' ', ' ', '0'),
(101269, 'JIDAPA   CHOOBOON', 'PRODUCTION CONTROL', ' ', ' ', '0'),
(101292, 'KANDA   YOUNGKINJI', 'ACCOUNTING', ' ', ' ', '0'),
(101301, 'SITTICHAI   PONGSAWAN', 'QUALITY ASSURANCE', ' ', ' ', '0'),
(101305, 'LUKHANA   KUARAKKIAT', 'PRODUCTION CONTROL', ' ', ' ', '0'),
(101307, 'WARISARA   BOONSONG', 'WAREHOUSING&TRANSPORTATION DEP', ' ', ' ', '0'),
(101330, 'SAKDA   SRETTAPATIVEJ', 'PROCESSING', ' ', ' ', '0'),
(101343, 'SOMMAI   YOO-NIEM', 'PROJECT ENGINEERING', ' ', ' ', '0'),
(101348, 'TOSSAPOL   MAYEAM', 'MANUFACTURING EXCELLENCE', ' ', ' ', '0'),
(101352, 'LAMPUENG   PANNOI', 'PRODUCTION CONTROL', ' ', ' ', '0'),
(101368, 'HATHAIRAT   JAROENJIT', 'PROCUREMENT', ' ', ' ', '0'),
(101391, 'KANIT   JANKEAW', 'ACCOUNTING', ' ', ' ', '0'),
(101394, 'SURAT   JANSIRIRAK', 'WAREHOUSING&TRANSPORTATION DEP', ' ', ' ', '0'),
(101400, 'BOWORN   SATANIMI', 'JUICE PLANT', ' ', ' ', '0'),
(101415, 'PRASIT   KHUMPAI', 'PURCHASED FRUITS', ' ', ' ', '0'),
(101420, 'CHUWIN   SUKA', 'PROCESS IMPROVEMENT', ' ', ' ', '0'),
(101447, 'NARUEMON   PIPATKUNCHEEWIN', 'PREPARATION', ' ', ' ', '0'),
(101451, 'LAWAN   TARMPORN', 'PACKAGING OPERATION DEPT.', ' ', ' ', '0'),
(101453, 'THITIYA   OONTHWATNADDA', 'STRATEGIC PROCUREMENT', ' ', ' ', '0'),
(101454, 'YONJIRA   MAWONG', 'BKK FINANCE', ' ', ' ', '0'),
(101484, 'NANTHAKA   LIMSUWAN', 'POUCH PROCESSING', ' ', ' ', '0'),
(101490, 'THITIMA   TALALAK', 'PACKAGING OPERATION DEPT.', ' ', ' ', '0'),
(101493, 'SUMATE   THUMMACHAROENRACH', 'PROCESSING', ' ', ' ', '0'),
(101497, 'WICHAI   APHICHATROENGKIT', 'CANNERY MAINTENANCE', ' ', ' ', '0'),
(101502, 'AOMJAI   SANGKEAW', 'OCCUPATIONAL HEALTH', ' ', ' ', '0'),
(101507, 'SIRIPORN   BAMROONGWONGSIRI', 'ACCOUNTING', ' ', ' ', '0'),
(101523, 'PATCHAREE   PHUPAKDEE', 'PROCUREMENT', ' ', ' ', '0'),
(101525, 'WATCHARAPHON   SATHEINKHOT', 'AGRICULTURAL', ' ', ' ', '0'),
(101533, 'CHAYADA   SRIPHOCHANG', 'ADMINISTRATION/MD', ' ', ' ', '0'),
(101543, 'NATTHANICH   SAKUNTAPRASERT', 'BKK FINANCE', ' ', ' ', '0'),
(101548, 'KOTCHAPORN   PLUBMOON', 'COMPENSATION & BENEFITS', ' ', ' ', '0'),
(101552, 'NARUMON   NAROD', 'WAREHOUSING&TRANSPORTATION DEP', ' ', ' ', '0'),
(101553, 'SAIYOOD   WANGPOL', 'PROCUREMENT', ' ', ' ', '0'),
(101557, 'PAWIMON   SAMATTAKARN', 'QUALITY ASSURANCE', ' ', ' ', '0'),
(101567, 'KANIDTHA   DORKMAITHAT', 'PLASTIC CUP', ' ', ' ', '0'),
(101577, 'SUPHAPHON   PINSUK', 'PROCUREMENT', ' ', ' ', '0'),
(101582, 'PIYET   JAMSANG', 'WAREHOUSING&TRANSPORTATION DEP', ' ', ' ', '0'),
(101585, 'TAWEE   PHOLBOON', 'SECURITY & SAFETY', ' ', ' ', '0'),
(101586, 'JIRAPORN   SINJARERN', 'MANUFACTURING EXCELLENCE', ' ', ' ', '0'),
(101588, 'WISSAWAKORN   NAWBANTAD', 'RESEARCH AND DEVELOPMENT', ' ', ' ', '0'),
(101589, 'WIPHAWEE   SASOMSIN', 'COSTING', ' ', ' ', '0'),
(101592, 'BHACHAMON   TANKUL', 'PROCUREMENT', ' ', ' ', '0'),
(101604, 'SLINWAN   LAPNGAMPIEAN', 'MANAGEMENT INTER.PROC.DIRECTOR', ' ', ' ', '0'),
(101614, 'SUWAIT   JAIJONG', 'PROCESS IMPROVEMENT', ' ', ' ', '0'),
(101616, 'JUTARAT   PHANJOY', 'PROCUREMENT', ' ', ' ', '0'),
(101619, 'PATSON   SOMMIT', 'ACCOUNTING', ' ', ' ', '0'),
(101626, 'JIRAWAN   SAWANGLAP', 'QUALITY ASSURANCE', ' ', ' ', '0'),
(101628, 'NANTAPORN   TANTHAMAS', 'PRODUCTION CONTROL', ' ', ' ', '0'),
(101631, 'SOMKEIAT   THONGDEE', 'PREPARATION', ' ', ' ', '0'),
(101632, 'NARUEMON   PHUAKWATTANA', 'COSTING', ' ', ' ', '0'),
(101633, 'THANARUCH   CHOMJAN', 'CANNERY MAINTENANCE', ' ', ' ', '0'),
(101634, 'NONGNUCH   THONGYAM', 'JUICE PLANT', ' ', ' ', '0'),
(101637, 'NAMFON   CAMBUNRUENG', 'ORGANIZATION DEVELOPMENT', ' ', ' ', '0'),
(101641, 'WANWIMON   ATTHAPONCHAIKUL', 'ACCOUNTING', ' ', ' ', '0'),
(101649, 'NIPAPORN   WADEE', 'PRODUCTION CONTROL', ' ', ' ', '0'),
(101653, 'ONG-AJ   KITCHARABHUMI', 'WAREHOUSING&TRANSPORTATION DEP', ' ', ' ', '0'),
(101658, 'PAFHUN   LAPSONGPORN', 'SECURITY & SAFETY', ' ', ' ', '0'),
(101670, 'DOUNGPORN   KONGWADMAI', 'PROCESSING', ' ', ' ', '0'),
(101672, 'ORAPIN   TANGPLUB', 'PROCUREMENT', ' ', ' ', '0'),
(101673, 'SAYOOMPORN   SAISOI', 'ACCOUNTING', ' ', ' ', '0'),
(101679, 'DUANGLUETAI   GOMONSUNT', 'PROCESSING', ' ', ' ', '0'),
(101689, 'PHUTHAD   JONGMAI', 'WAREHOUSING&TRANSPORTATION DEP', ' ', ' ', '0'),
(101690, 'NANTHIKA   TIWONGSA', 'COMPENSATION & BENEFITS', ' ', ' ', '0'),
(101692, 'KANOKLADA   THONGPITAKCHAI', 'PREPARATION', ' ', ' ', '0'),
(101697, 'SUTHATHIP   WIPHATCHAKHRUT', 'COSTING', ' ', ' ', '0'),
(101699, 'SUPANSA   SIRICHAIWATTHANANAN', 'WAREHOUSING&TRANSPORTATION DEP', ' ', ' ', '0'),
(101700, 'NATCHAYA   KAONWAL', 'WAREHOUSING&TRANSPORTATION DEP', ' ', ' ', '0'),
(101708, 'SIMON FRANCIS   DENYE', 'MANAGEMENT ADMIND.DIRECTOR', ' ', ' ', '0'),
(101710, 'CHOLTIRA   NAKBURI', 'SHIPPING', ' ', ' ', '0'),
(101733, 'NIRATCHAPORN   SUEBSAI', 'ACCOUNTING', ' ', ' ', '0'),
(101735, 'NUNTAWADEE   SAIYOOD', 'QUALITY ASSURANCE', ' ', ' ', '0'),
(101739, 'ZUNASAR   BODIONGAN YTING', 'PRODUCTION CONTROL', ' ', ' ', '0'),
(101741, 'TANCHANOK   KONNGAY', 'ACCOUNTING', ' ', ' ', '0'),
(101746, 'RUMPAI   TINTAN', 'WAREHOUSING&TRANSPORTATION DEP', ' ', ' ', '0'),
(101750, 'RATTANA   SAWANGMAEK', 'PROCUREMENT', ' ', ' ', '0'),
(101756, 'ANCHANA   INSAWARD', 'RESEARCH AND DEVELOPMENT', ' ', ' ', '0'),
(101759, 'ARADA   RITOON', 'PACKAGING OPERATION DEPT.', ' ', ' ', '0'),
(101760, 'KITTICHAI   LERTKARNCHANAWONG', 'CANNERY MAINTENANCE', ' ', ' ', '0'),
(101762, 'CHAIYAPRUG   JANSUK', 'PACKAGING OPERATION DEPT.', ' ', ' ', '0'),
(101770, 'CHATCHAI   TONGNAK', 'AGRICULTURAL', ' ', ' ', '0'),
(101775, 'JANJIRA   SUKYOO', 'COSTING', ' ', ' ', '0'),
(101776, 'AUTTAWUT   THANSILA', 'ELECTRICAL', ' ', ' ', '0'),
(101778, 'KAROON   UPPALA', 'PROJECT ENGINEERING', ' ', ' ', '0'),
(101779, 'URUPONG   SANGPRASAT', 'SHOP SERVICES', ' ', ' ', '0'),
(101785, 'PHAKINEE   RUANSUPA', 'RESEARCH AND DEVELOPMENT', ' ', ' ', '0'),
(101786, 'WANITCHAYA   PIYAKUN', 'QUALITY ASSURANCE', ' ', ' ', '0'),
(101792, 'AMORNRAT   UDOMTHAMASIRI', 'PRODUCTION CONTROL', ' ', ' ', '0'),
(101795, 'KITTI   KAEWURI', 'RESEARCH AND DEVELOPMENT', ' ', ' ', '0'),
(101797, 'SARAWUT   JINA', 'ELECTRICAL', ' ', ' ', '0'),
(101803, 'RACHANOK   CHOMCHUEN', 'WAREHOUSING&TRANSPORTATION DEP', ' ', ' ', '0'),
(101804, 'THANYALUK   POOMJIT', 'WAREHOUSING&TRANSPORTATION DEP', ' ', ' ', '0'),
(101805, 'KITTAYA   CHANPEE', 'RESEARCH AND DEVELOPMENT', ' ', ' ', '0'),
(101807, 'KOMKRIT   PANUWATTANAWONG', 'COSTING', ' ', ' ', '0'),
(101816, 'KITTIPONG   LUANGPANTAO', 'PRODUCTION CONTROL', ' ', ' ', '0'),
(101832, 'PANATCHAKORN   CHAMNIT', 'BKK FINANCE', ' ', ' ', '0'),
(101833, 'THANAPATARA   MANATHAT', 'ENGINEERING AND MAINTENANCE', ' ', ' ', '0'),
(101834, 'SIRIPENSRI   POONJUMNERN', 'SHIPPING', ' ', ' ', '0'),
(101836, 'THIPPAWAN   KHOTPUY', 'COMPENSATION & BENEFITS', ' ', ' ', '0'),
(101839, 'WEERAWIT   PONGPIAM', 'WAREHOUSING&TRANSPORTATION DEP', ' ', ' ', '0'),
(101846, 'PRATHEEP   KUTSRISAI', 'PROCESS IMPROVEMENT', ' ', ' ', '0'),
(101849, 'SARANYOO   LAKSRI', 'MANAGEMENT INFORMATION SYSTEMS', ' ', ' ', '0'),
(101852, 'SANTICHAI   SUWANCHANA', 'ELECTRICAL', ' ', ' ', '0'),
(101858, 'VEERANUN   SRIGATE', 'PURCHASED FRUITS', ' ', ' ', '0'),
(101865, 'SOMKIAT   MONGKOLSIN', 'MANAGEMENT SUPPLY CHA.DIRECTOR', ' ', ' ', '0'),
(101866, 'NAWIN   CHAROENRAT', 'CANNERY MAINTENANCE', ' ', ' ', '0'),
(101867, 'RUNGPETCH   PLOYWAEN', 'MANAGEMENT INFORMATION SYSTEMS', ' ', ' ', '0'),
(101884, 'AMPOL   KLINJAN', 'POWER PLANT', ' ', ' ', '0'),
(101886, 'RUNGNAPHA   WANTHONG', 'JUICE PLANT', ' ', ' ', '0'),
(101891, 'SARAYUTH   MEESAT', 'PREPARATION', ' ', ' ', '0'),
(101895, 'PUTHSANEE   SUKREEP', 'ACCOUNTING', ' ', ' ', '0'),
(101900, 'PANNIGA   JINDANOOT', 'POUCH PROCESSING', ' ', ' ', '0'),
(101901, 'KANOKWAN   NOMNIAN', 'SHIPPING', ' ', ' ', '0'),
(101902, 'CHAWALITE   HANJAITHAI', 'SHOP SERVICES', ' ', ' ', '0'),
(101904, 'WIPAWADEE   JAIDED', 'PRODUCTION CONTROL', ' ', ' ', '0'),
(101907, 'AMPA   SITTIWONG', 'EMPLOYEE RELATION', ' ', ' ', '0'),
(101908, 'SAISUNEE   RUKMIT', 'COMPENSATION & BENEFITS', ' ', ' ', '0'),
(101909, 'PATCHARAPORN   KAJAI', 'RECRUITMENT', ' ', ' ', '0'),
(101911, 'NATNAPA   REANGKAJOHN', 'PROCUREMENT', ' ', ' ', '0'),
(101912, 'THANASUKARN   SANGDEE', 'WAREHOUSING&TRANSPORTATION DEP', ' ', ' ', '0'),
(101913, 'CHAYANUT   KUNCHAENARK', 'JUICE PLANT', ' ', ' ', '0'),
(101920, 'MANEERAT   SENEE', 'PACKAGING OPERATION DEPT.', ' ', ' ', '0'),
(101921, 'PITAK   BUNTANG', 'CANNERY MAINTENANCE', ' ', ' ', '0'),
(101924, 'DUANGSAMORN   PATTANASITTISAREE', 'SHIPPING', ' ', ' ', '0'),
(101926, 'BENJAPHOL   CHAROENPONG', 'PM AND STORE ROOM', ' ', ' ', '0'),
(101932, 'WANLOP   SANGSRICHAN', 'MANAGEMENT INFORMATION SYSTEMS', ' ', ' ', '0'),
(101941, 'SUPATTRA   JARASDEE', 'ACCOUNTING', ' ', ' ', '0'),
(101945, 'CHULALUCK   PUANGMALI', 'QUALITY ASSURANCE', ' ', ' ', '0'),
(101947, 'JANJARAT   KANGHA', 'QUALITY ASSURANCE', ' ', ' ', '0'),
(101948, 'ANON   FANGKRATHOK', 'MANAGEMENT SSE.DIRECTOR', ' ', ' ', '0'),
(101951, 'KRUNGSRI   MUANTHONG', 'ENGINEERING AND MAINTENANCE', ' ', ' ', '0'),
(101958, 'SUTTAWAN   MOONTASIN', 'RECRUITMENT', ' ', ' ', '0'),
(101959, 'NOPPARUJ   WORAKANJANACHAI', 'ORGANIZATION DEVELOPMENT', ' ', ' ', '0'),
(101973, 'YUTTANAN   JAROENYING', 'POWER PLANT', ' ', ' ', '0'),
(101979, 'RATCHADA   YAMSUAN', 'PLASTIC CUP', ' ', ' ', '0'),
(101980, 'CHEEVINPHAN   DHITAYARAK', 'MANAGEMENT HRD DIRECTOR', ' ', ' ', '0'),
(101981, 'MANTANA   SOOKJAN', 'PM AND STORE ROOM', ' ', ' ', '0'),
(101984, 'ANAWIN   KANKAEW', 'CANNERY MAINTENANCE', ' ', ' ', '0'),
(101986, 'PHAKPHUM   NUKHAI', 'PLASTIC CUP', ' ', ' ', '0'),
(101987, 'ARNON   SIRIONGARD', 'MANUFACTURING EXCELLENCE', ' ', ' ', '0'),
(101989, 'RATTANA   PIYAKANATIWONG', 'PRODUCTION CONTROL', ' ', ' ', '0'),
(101990, 'SUWANNA   TEAMUTHAI', 'OCCUPATIONAL HEALTH', ' ', ' ', '0'),
(101993, 'SUCHADA   KUMRAKSA', 'POUCH PROCESSING', ' ', ' ', '0'),
(101994, 'CHAYANEE   CHARUVASTR', 'BKK FINANCE', ' ', ' ', '0'),
(101995, 'SAIYAN   KANKAM', 'CANNERY MAINTENANCE', ' ', ' ', '0'),
(101999, 'RATTANAPORN   KAEWKRAJANGKUL', 'POWER PLANT', ' ', ' ', '0'),
(102001, 'PIMPA   NUAMDEE', 'ACCOUNTING', ' ', ' ', '0'),
(102003, 'USANI   CHIROJCHATURONT', 'MANUFACTURING EXCELLENCE', ' ', ' ', '0'),
(102004, 'ORATHAI   TANGSATHITCHOT', 'MANUFACTURING EXCELLENCE', ' ', ' ', '0'),
(102005, 'ISSARA   SUWANKLANG', 'COMPENSATION & BENEFITS', ' ', ' ', '0'),
(102006, 'JANTIMA   SUKJAN', 'RESEARCH AND DEVELOPMENT', ' ', ' ', '0'),
(102009, 'THANIDA   SOILSOM', 'TRAINING AND DEVELOPMENT', ' ', ' ', '0'),
(102044, 'NARITSARA   RUAYRUNG', 'SECURITY & SAFETY', ' ', ' ', '0'),
(102045, 'SOMWUNG   PUKKEAW', 'EMPLOYEE RELATION', ' ', ' ', '0'),
(102046, 'DANAYA   JIRAVUDTIPODE', 'BUSINESS DEVELOPMENT', ' ', ' ', '0'),
(102047, 'PEERAPONG   LERTAMORNPHAT', 'MANAGEMENT MFG.DIRECTOR', ' ', ' ', '0'),
(102048, 'MARISA   PANNAN', 'PRODUCTION CONTROL', ' ', ' ', '0'),
(102052, 'SUKANYA   THOMTHONG', 'SHIPPING', ' ', ' ', '0'),
(102053, 'AKELUK   NEBNEARD', 'AGRICULTURAL', ' ', ' ', '0'),
(102054, 'WINAI   SITTINANCHAROEN', 'MANUFACTURING EXCELLENCE', ' ', ' ', '0'),
(102057, 'WEERAWAT   SILAPANUPAKIJ', 'MANUFACTURING EXCELLENCE', ' ', ' ', '0'),
(102062, 'THEPRIT   WATTANAPISIT', 'ADMINISTRATION/MD', ' ', ' ', '0'),
(102063, 'WORANAN   PETCHAROEN', 'PLASTIC CUP', ' ', ' ', '0'),
(102064, 'KORNRAVEE   NAMWHAN', 'ADMINISTRATION/ENG', ' ', ' ', '0'),
(102065, 'SIVATCHAYA   BORIBOON', 'MANUFACTURING EXCELLENCE', ' ', ' ', '0'),
(102066, 'TITTAWAT   FONGCHANTUK', 'PROCESSING', ' ', ' ', '0'),
(102069, 'RACHAN   MEEKAEW', 'PLASTIC CUP', ' ', ' ', '0'),
(102070, 'JIRAPON   NINSUKJAI', 'PLASTIC CUP', ' ', ' ', '0'),
(102071, 'SUEPPHONG   CHANGKAEO', 'PLASTIC CUP', ' ', ' ', '0'),
(102072, 'THANAPORN   BOONCHUAICHEEP', 'AGRICULTURAL', ' ', ' ', '0'),
(102073, 'PAKPUM   SIMNUNG', 'AGRICULTURAL', ' ', ' ', '0'),
(102074, 'JEERASAK   INTAWONG', 'AGRICULTURAL', ' ', ' ', '0'),
(102075, 'APITSARA   PLODPLUEANG', 'AGRICULTURAL', ' ', ' ', '0'),
(102076, 'PEMIKA   SANGKAEW', 'AGRICULTURAL', ' ', ' ', '0'),
(102078, 'TREERATT   PASOOK', 'MANAGEMENT INFORMATION SYSTEMS', ' ', ' ', '0'),
(102079, 'TIPAWAN   YOUNGNUK', 'MANAGEMENT FINANCE DIRECTOR', ' ', ' ', '0'),
(102080, 'THEERATEP   NINTHUEAN', 'PLASTIC CUP', ' ', ' ', '0'),
(102081, 'ANGKARN   WONGKIATMANEE', 'AGRICULTURAL', ' ', ' ', '0'),
(102082, 'RATCHAPON   THAPPHAE', 'AGRICULTURAL', ' ', ' ', '0'),
(102083, 'PONGPANAT   KACHANA', 'AGRICULTURAL', ' ', ' ', '0'),
(102084, 'PHEERA   PHUANG-IN', 'AGRICULTURAL', ' ', ' ', '0'),
(102085, 'RONNAPHAT   SIANGHEN', 'POUCH PROCESSING', ' ', ' ', '0'),
(102086, 'THANAKIT   AOAIT', 'PLASTIC CUP', ' ', ' ', '0'),
(102087, 'SAWAT   CHOMCHUEN', 'AGRICULTURAL', ' ', ' ', '0'),
(102088, 'MONTREE   SOMMITR', 'AGRICULTURAL', ' ', ' ', '0'),
(102089, 'PEERAPAT   KEAWPADAB', 'AGRICULTURAL', ' ', ' ', '0'),
(500001, 'PANITA   SRIDOUGBUAB', 'ACCOUNTING', ' ', ' ', '0'),
(500002, 'CHAMAIPORN   RODCHUA', 'OCCUPATIONAL HEALTH', ' ', ' ', '0');

-- --------------------------------------------------------

--
-- Table structure for table `reserve`
--

CREATE TABLE `reserve` (
  `reserve_id` int(100) NOT NULL,
  `no_id` tinyint(2) NOT NULL,
  `emp_id` int(6) NOT NULL,
  `date_reserve` date NOT NULL,
  `close` int(1) NOT NULL,
  `time_checkin` datetime NOT NULL,
  `account_check` varchar(100) NOT NULL,
  `time_cancel` datetime NOT NULL,
  `account_cancel` varchar(100) NOT NULL,
  `remark` text NOT NULL,
  `status` int(1) NOT NULL,
  `time_reserve` datetime NOT NULL,
  `account_reserve` varchar(100) NOT NULL
) ENGINE=InnoDB DEFAULT CHARSET=utf8;

--
-- Dumping data for table `reserve`
--

INSERT INTO `reserve` (`reserve_id`, `no_id`, `emp_id`, `date_reserve`, `close`, `time_checkin`, `account_check`, `time_cancel`, `account_cancel`, `remark`, `status`, `time_reserve`, `account_reserve`) VALUES
(1, 1, 101867, '2020-04-13', 0, '0000-00-00 00:00:00', '', '0000-00-00 00:00:00', '', '', 1, '2020-04-13 16:33:34', '101867'),
(2, 1, 101867, '2020-04-14', 0, '0000-00-00 00:00:00', '', '0000-00-00 00:00:00', '', '', 1, '2020-04-14 08:19:11', '101867'),
(3, 1, 101867, '2020-04-15', 0, '0000-00-00 00:00:00', '', '0000-00-00 00:00:00', '', '', 1, '2020-04-14 08:19:45', '101867'),
(4, 2, 101776, '2020-04-14', 0, '0000-00-00 00:00:00', '', '2020-04-14 14:58:34', 'admin', 'corona virus afraid', 3, '2020-04-14 14:57:27', 'admin'),
(5, 3, 100888, '2020-04-14', 0, '0000-00-00 00:00:00', '', '0000-00-00 00:00:00', '', '', 1, '2020-04-14 14:58:04', 'admin'),
(6, 1, 100888, '2020-04-16', 0, '0000-00-00 00:00:00', '', '0000-00-00 00:00:00', '', '', 1, '2020-04-15 08:55:45', 'admin'),
(7, 2, 101042, '2020-04-15', 0, '2020-04-15 09:35:01', 'admin', '0000-00-00 00:00:00', '', '', 2, '2020-04-15 09:29:28', 'admin'),
(8, 1, 101867, '2020-05-14', 0, '0000-00-00 00:00:00', '', '0000-00-00 00:00:00', '', '', 1, '2020-04-15 10:19:38', 'admin');

-- --------------------------------------------------------

--
-- Table structure for table `user`
--

CREATE TABLE `user` (
  `username` varchar(20) NOT NULL,
  `emp_id` int(6) NOT NULL,
  `status` varchar(11) NOT NULL,
  `note` varchar(50) NOT NULL,
  `password` varchar(20) NOT NULL
) ENGINE=InnoDB DEFAULT CHARSET=utf8;

--
-- Dumping data for table `user`
--

INSERT INTO `user` (`username`, `emp_id`, `status`, `note`, `password`) VALUES
('102053', 102053, '0', 'user', ' '),
('101792', 101792, '0', 'user', ' '),
('101907', 101907, '0', 'user', ' '),
('101884', 101884, '0', 'user', ' '),
('101086', 101086, '0', 'user', ' '),
('101984', 101984, '0', 'user', ' '),
('101756', 101756, '0', 'user', ' '),
('102081', 102081, '0', 'user', ' '),
('101948', 101948, '0', 'user', ' '),
('101502', 101502, '0', 'user', ' '),
('102075', 102075, '0', 'user', ' '),
('101759', 101759, '0', 'user', ' '),
('101987', 101987, '0', 'user', ' '),
('100962', 100962, '0', 'user', ' '),
('101042', 101042, '0', 'user', ' '),
('101776', 101776, '0', 'user', ' '),
('101926', 101926, '0', 'user', ' '),
('101592', 101592, '0', 'user', ' '),
('101400', 101400, '0', 'user', ' '),
('100655', 100655, '0', 'user', ' '),
('101762', 101762, '0', 'user', ' '),
('500002', 500002, '0', 'user', ' '),
('101770', 101770, '0', 'user', ' '),
('101902', 101902, '0', 'user', ' '),
('101533', 101533, '0', 'user', ' '),
('101994', 101994, '0', 'user', ' '),
('101913', 101913, '0', 'user', ' '),
('101980', 101980, '0', 'user', ' '),
('101710', 101710, '0', 'user', ' '),
('101945', 101945, '0', 'user', ' '),
('101420', 101420, '0', 'user', ' '),
('102046', 102046, '0', 'user', ' '),
('101670', 101670, '0', 'user', ' '),
('101679', 101679, '0', 'user', ' '),
('101924', 101924, '0', 'user', ' '),
('101368', 101368, '0', 'user', ' '),
('102005', 102005, '0', 'user', ' '),
('101947', 101947, '0', 'user', ' '),
('101775', 101775, '0', 'user', ' '),
('102006', 102006, '0', 'user', ' '),
('102074', 102074, '0', 'user', ' '),
('101269', 101269, '0', 'user', ' '),
('102070', 102070, '0', 'user', ' '),
('101586', 101586, '0', 'user', ' '),
('101626', 101626, '0', 'user', ' '),
('101616', 101616, '0', 'user', ' '),
('101292', 101292, '0', 'user', ' '),
('101567', 101567, '0', 'user', ' '),
('101391', 101391, '0', 'user', ' '),
('101692', 101692, '0', 'user', ' '),
('101901', 101901, '0', 'user', ' '),
('101778', 101778, '0', 'user', ' '),
('100793', 100793, '0', 'user', ' '),
('101805', 101805, '0', 'user', ' '),
('101795', 101795, '0', 'user', ' '),
('101760', 101760, '0', 'user', ' '),
('101816', 101816, '0', 'user', ' '),
('100760', 100760, '0', 'user', ' '),
('101807', 101807, '0', 'user', ' '),
('102064', 102064, '0', 'user', ' '),
('101253', 101253, '0', 'user', ' '),
('101548', 101548, '0', 'user', ' '),
('101951', 101951, '0', 'user', ' '),
('101352', 101352, '0', 'user', ' '),
('101451', 101451, '0', 'user', ' '),
('101305', 101305, '0', 'user', ' '),
('101920', 101920, '0', 'user', ' '),
('101981', 101981, '0', 'user', ' '),
('102048', 102048, '0', 'user', ' '),
('101166', 101166, '0', 'user', ' '),
('100915', 100915, '0', 'user', ' '),
('102088', 102088, '0', 'user', ' '),
('101637', 101637, '0', 'user', ' '),
('101628', 101628, '0', 'user', ' '),
('101484', 101484, '0', 'user', ' '),
('101690', 101690, '0', 'user', ' '),
('102044', 102044, '0', 'user', ' '),
('101632', 101632, '0', 'user', ' '),
('101447', 101447, '0', 'user', ' '),
('101552', 101552, '0', 'user', ' '),
('101700', 101700, '0', 'user', ' '),
('101911', 101911, '0', 'user', ' '),
('101543', 101543, '0', 'user', ' '),
('101866', 101866, '0', 'user', ' '),
('101649', 101649, '0', 'user', ' '),
('101733', 101733, '0', 'user', ' '),
('100831', 100831, '0', 'user', ' '),
('101634', 101634, '0', 'user', ' '),
('101959', 101959, '0', 'user', ' '),
('101735', 101735, '0', 'user', ' '),
('101653', 101653, '0', 'user', ' '),
('101672', 101672, '0', 'user', ' '),
('102004', 102004, '0', 'user', ' '),
('101658', 101658, '0', 'user', ' '),
('101029', 101029, '0', 'user', ' '),
('102073', 102073, '0', 'user', ' '),
('101832', 101832, '0', 'user', ' '),
('500001', 500001, '0', 'user', ' '),
('101900', 101900, '0', 'user', ' '),
('101909', 101909, '0', 'user', ' '),
('101523', 101523, '0', 'user', ' '),
('101619', 101619, '0', 'user', ' '),
('101103', 101103, '0', 'user', ' '),
('101557', 101557, '0', 'user', ' '),
('101082', 101082, '0', 'user', ' '),
('102089', 102089, '0', 'user', ' '),
('102047', 102047, '0', 'user', ' '),
('102076', 102076, '0', 'user', ' '),
('101221', 101221, '0', 'user', ' '),
('101785', 101785, '0', 'user', ' '),
('101986', 101986, '0', 'user', ' '),
('102084', 102084, '0', 'user', ' '),
('101689', 101689, '0', 'user', ' '),
('102001', 102001, '0', 'user', ' '),
('101921', 101921, '0', 'user', ' '),
('101582', 101582, '0', 'user', ' '),
('102083', 102083, '0', 'user', ' '),
('100716', 100716, '0', 'user', ' '),
('100934', 100934, '0', 'user', ' '),
('101415', 101415, '0', 'user', ' '),
('101846', 101846, '0', 'user', ' '),
('101895', 101895, '0', 'user', ' '),
('102069', 102069, '0', 'user', ' '),
('101803', 101803, '0', 'user', ' '),
('101979', 101979, '0', 'user', ' '),
('102082', 102082, '0', 'user', ' '),
('101750', 101750, '0', 'user', ' '),
('101989', 101989, '0', 'user', ' '),
('101999', 101999, '0', 'user', ' '),
('102085', 102085, '0', 'user', ' '),
('100888', 100888, '0', 'user', ' '),
('101746', 101746, '0', 'user', ' '),
('101886', 101886, '0', 'user', ' '),
('admin', 101867, '1', 'admin', '101867'),
('101908', 101908, '0', 'user', ' '),
('101995', 101995, '0', 'user', ' '),
('101553', 101553, '0', 'user', ' '),
('101330', 101330, '0', 'user', ' '),
('100923', 100923, '0', 'user', ' '),
('100961', 100961, '0', 'user', ' '),
('101852', 101852, '0', 'user', ' '),
('101260', 101260, '0', 'user', ' '),
('101849', 101849, '0', 'user', ' '),
('101797', 101797, '0', 'user', ' '),
('101891', 101891, '0', 'user', ' '),
('102087', 102087, '0', 'user', ' '),
('101673', 101673, '0', 'user', ' '),
('101708', 101708, '0', 'user', ' '),
('101834', 101834, '0', 'user', ' '),
('101033', 101033, '0', 'user', ' '),
('101507', 101507, '0', 'user', ' '),
('101301', 101301, '0', 'user', ' '),
('102065', 102065, '0', 'user', ' '),
('101604', 101604, '0', 'user', ' '),
('100788', 100788, '0', 'user', ' '),
('101631', 101631, '0', 'user', ' '),
('101865', 101865, '0', 'user', ' '),
('101343', 101343, '0', 'user', ' '),
('102045', 102045, '0', 'user', ' '),
('100804', 100804, '0', 'user', ' '),
('101993', 101993, '0', 'user', ' '),
('102071', 102071, '0', 'user', ' '),
('102052', 102052, '0', 'user', ' '),
('101031', 101031, '0', 'user', ' '),
('101493', 101493, '0', 'user', ' '),
('101699', 101699, '0', 'user', ' '),
('100807', 100807, '0', 'user', ' '),
('101941', 101941, '0', 'user', ' '),
('101577', 101577, '0', 'user', ' '),
('101394', 101394, '0', 'user', ' '),
('101257', 101257, '0', 'user', ' '),
('101697', 101697, '0', 'user', ' '),
('101614', 101614, '0', 'user', ' '),
('101990', 101990, '0', 'user', ' '),
('101741', 101741, '0', 'user', ' '),
('101585', 101585, '0', 'user', ' '),
('102086', 102086, '0', 'user', ' '),
('101833', 101833, '0', 'user', ' '),
('102072', 102072, '0', 'user', ' '),
('101633', 101633, '0', 'user', ' '),
('101912', 101912, '0', 'user', ' '),
('102009', 102009, '0', 'user', ' '),
('101804', 101804, '0', 'user', ' '),
('102080', 102080, '0', 'user', ' '),
('102062', 102062, '0', 'user', ' '),
('101836', 101836, '0', 'user', ' '),
('101490', 101490, '0', 'user', ' '),
('101243', 101243, '0', 'user', ' '),
('101453', 101453, '0', 'user', ' '),
('101065', 101065, '0', 'user', ' '),
('102079', 102079, '0', 'user', ' '),
('102066', 102066, '0', 'user', ' '),
('101348', 101348, '0', 'user', ' '),
('102078', 102078, '0', 'user', ' '),
('101779', 101779, '0', 'user', ' '),
('102003', 102003, '0', 'user', ' '),
('101858', 101858, '0', 'user', ' '),
('100944', 100944, '0', 'user', ' '),
('100881', 100881, '0', 'user', ' '),
('101786', 101786, '0', 'user', ' '),
('101932', 101932, '0', 'user', ' '),
('101641', 101641, '0', 'user', ' '),
('101307', 101307, '0', 'user', ' '),
('101525', 101525, '0', 'user', ' '),
('102057', 102057, '0', 'user', ' '),
('101839', 101839, '0', 'user', ' '),
('101497', 101497, '0', 'user', ' '),
('102054', 102054, '0', 'user', ' '),
('101904', 101904, '0', 'user', ' '),
('101589', 101589, '0', 'user', ' '),
('101588', 101588, '0', 'user', ' '),
('102063', 102063, '0', 'user', ' '),
('100794', 100794, '0', 'user', ' '),
('101022', 101022, '0', 'user', ' '),
('101454', 101454, '0', 'user', ' '),
('101973', 101973, '0', 'user', ' '),
('101739', 101739, '0', 'user', ' '),
('101867', 101867, '0', 'user', ' '),
('suttawan', 101958, '1', 'HR staff', 'sut101958'),
('truearena', 100001, '1', 'True Staff', 'true01');

--
-- Indexes for dumped tables
--

--
-- Indexes for table `member`
--
ALTER TABLE `member`
  ADD PRIMARY KEY (`emp_id`);

--
-- Indexes for table `reserve`
--
ALTER TABLE `reserve`
  ADD PRIMARY KEY (`reserve_id`);

--
-- AUTO_INCREMENT for dumped tables
--

--
-- AUTO_INCREMENT for table `reserve`
--
ALTER TABLE `reserve`
  MODIFY `reserve_id` int(100) NOT NULL AUTO_INCREMENT, AUTO_INCREMENT=9;
COMMIT;

/*!40101 SET CHARACTER_SET_CLIENT=@OLD_CHARACTER_SET_CLIENT */;
/*!40101 SET CHARACTER_SET_RESULTS=@OLD_CHARACTER_SET_RESULTS */;
/*!40101 SET COLLATION_CONNECTION=@OLD_COLLATION_CONNECTION */;
